{
"class5.mrc!main": [1596328962.6146305,"128 x 128","Image",1,66560],
"output.mrc!main": [1596328962.6258812,"128 x 128","Image",1,66560]
}